Week,Dates,MU phase,Pull-up target,Pull-up actual,Heel raise target,Heel raise actual,Pogo target,Pogo actual,Nordic target,Nordic actual,Hinge target,Hinge actual,Sprint,KB press,Checkpoint / test,Result
W2,21-27 Sep,P1,4x5 @60% (CALIBRATE),,DL 4x10 @40%BW,,DL 4x15s,,Heavy band 3x5,,3x8 RPE6,,4x30m,3x8,"Calibration week: log 5RM added load, max clean dips, max SL heel raises, Nordic break point",
W3,28 Sep-4 Oct,P1,4x5 @65%,,DL 4x10 @50%BW,,DL 4x20s,,Heavy band 3x5,,4x6 RPE7,,4x30m,3x8,,
W4,5-11 Oct,P1 deload,3x4 @60%,,DL 2x10 @50%BW,,DL 3x20s,,Med band 2x5,,3x6 RPE6,,3x30m,2x8,P1 TEST Fri 9 Oct: 8 clean parallel dips + 5 strict C2B pulls,
W5,12-18 Oct,P2,5x4 @72%,,SL 4x8 @+10%BW,,DL 5x20s,,Med band 3x5,,4x5 RPE7,,5x30m,4x6,,
W6,19-25 Oct,P2,5x4 @76%,,SL 4x8 @+15%BW,,SL 4x15s,,Med band 4x5,,4x5 RPE7,,5x30m,4x6,SL pogo begins - only if Block 1 was all green,
W7,26 Oct-1 Nov,P2,5x4 @80%,,SL 4x8 @+20%BW,,SL 4x15s,,Light band 4x5,,4x5 RPE8,,5x40m,4x6,,
W8,2-8 Nov,P2 deload,3x3 @70%,,SL 2x8 @+12%BW,,DL 3x20s,,Light band 2x5,,3x5 RPE6,,3x30m,2x6,P2 TEST Fri 6 Nov: 5s bar negative + 4 Russian dips. THEN retest pull-up 5RM,
W9,9-15 Nov,P3,5x3 @84%,,SL 4x8 @+25%BW,,SL 4x20s,,Unassisted ecc 4x5,,4x4 RPE8,,6x40m,5x5,,
W10,16-22 Nov,P3,5x3 @86%,,SL 4x8 @+28%BW,,SL 5x10,,+ push-back 4x5,,4x4 RPE8,,6x40m,5x5,Film a light-band muscle-up,
W11,23-29 Nov,P3,4x3 @88%,,SL 4x8 @+32%BW,,SL 5x12,,+2.5kg 3x3,,4x3 RPE8,,6x40m,5x5,,
W12,30 Nov-6 Dec,P3 deload,3x2 @78%,,SL 2x6 @+25%BW,,SL 3x10,,Unassisted 2x4,,3x3 RPE6,,4x30m,3x5,P3 TEST Fri 4 Dec: clean single with light band. THEN retest pull-up 5RM,
W13,7-13 Dec,P4,4x2 @90%,,** TEST +35%BW x8 **,,** TEST 20 SL **,,+5kg 3x3,,none,,none,2x5,TENDON TEST Tue 8 Dec: heel raise + pogo,
W14,14-20 Dec,P4,2x2 @85%,,2x8 @+25%BW,,3x10 easy,,** TEST 5kg **,,none,,3x30m,none,NORDIC TEST Tue 15 Dec,
W15,21-27 Dec,P4 taper,primer only,,none,,2x10 DL easy,,none,,none,,none,none,Full taper - do not train,
TEST,29 Dec,TEST DAY,-,,-,,-,,-,,-,,-,-,*** OFFICIAL BAR MUSCLE-UP TEST *** (backup Thu 31 Dec),
JAN,w/c 4 Jan,-,** TEST +25% BW x1 **,,-,,-,,-,,-,,-,-,Weighted pull-up feat test,
