Week,Dates,Day,Session,Planned work,Done,Key load hit,RPE 1-10,Pain 0-10,Next-AM stiffness,Notes
W2,21-27 Sep,Mon,A - Pull Strength & Dip Volume,Wtd C2B pull-up 4x5 | Parallel dips 4x6-8 | Bar support hold 3x20s | Hollow body 3x30s,,,,,,
W2,21-27 Sep,Tue,"B - Sprint, Hinge & Press",Sprints 4x30m | Trap-bar DL 3x8-4x6 | DL heel raise 4x10 | KB press 3x8 | KB floor press 3x8,,,,,,
W2,21-27 Sep,Wed,C - Dip Eccentrics & Shoulder Armour,Parallel dip negatives 4x4 | Strict pull-ups 3x4 | Scap dip shrugs 3x10 | Face pulls 3x15,,,,,,
W2,21-27 Sep,Thu,D - Posterior Chain & Elastic,Pogo 4x15-20s | Band Nordic 3x5 | Achilles iso 5x30s | Copenhagen 3x20s | KB light circuit 2rd,,,,,,
W2,21-27 Sep,Fri,E - Explosive Arc & Bar Prep,High sternum pulls 4x3 | Band bar dips 4x5 | False-grip hangs 3x15-20s | Arch-hollow snaps 3x10,,,,,,
W3,28 Sep-4 Oct,Mon,A - Pull Strength & Dip Volume,Wtd C2B pull-up 4x5 | Parallel dips 4x6-8 | Bar support hold 3x20s | Hollow body 3x30s,,,,,,
W3,28 Sep-4 Oct,Tue,"B - Sprint, Hinge & Press",Sprints 4x30m | Trap-bar DL 3x8-4x6 | DL heel raise 4x10 | KB press 3x8 | KB floor press 3x8,,,,,,
W3,28 Sep-4 Oct,Wed,C - Dip Eccentrics & Shoulder Armour,Parallel dip negatives 4x4 | Strict pull-ups 3x4 | Scap dip shrugs 3x10 | Face pulls 3x15,,,,,,
W3,28 Sep-4 Oct,Thu,D - Posterior Chain & Elastic,Pogo 4x15-20s | Band Nordic 3x5 | Achilles iso 5x30s | Copenhagen 3x20s | KB light circuit 2rd,,,,,,
W3,28 Sep-4 Oct,Fri,E - Explosive Arc & Bar Prep,High sternum pulls 4x3 | Band bar dips 4x5 | False-grip hangs 3x15-20s | Arch-hollow snaps 3x10,,,,,,
W4,5-11 Oct,Mon,A - Pull Strength & Dip Volume,Wtd C2B pull-up 4x5 | Parallel dips 4x6-8 | Bar support hold 3x20s | Hollow body 3x30s [DELOAD - 50% volume],,,,,,
W4,5-11 Oct,Tue,"B - Sprint, Hinge & Press",Sprints 4x30m | Trap-bar DL 3x8-4x6 | DL heel raise 4x10 | KB press 3x8 | KB floor press 3x8 [DELOAD - 50% volume],,,,,,
W4,5-11 Oct,Wed,C - Dip Eccentrics & Shoulder Armour,Parallel dip negatives 4x4 | Strict pull-ups 3x4 | Scap dip shrugs 3x10 | Face pulls 3x15 [DELOAD - 50% volume],,,,,,
W4,5-11 Oct,Thu,D - Posterior Chain & Elastic,Pogo 4x15-20s | Band Nordic 3x5 | Achilles iso 5x30s | Copenhagen 3x20s | KB light circuit 2rd [DELOAD - 50% volume],,,,,,
W4,5-11 Oct,Fri,E - Explosive Arc & Bar Prep,High sternum pulls 4x3 | Band bar dips 4x5 | False-grip hangs 3x15-20s | Arch-hollow snaps 3x10 [DELOAD - 50% volume],,,,,,
W5,12-18 Oct,Mon,A - Bar Eccentrics & Heavy Pull,Wtd C2B pull-up 5x4 | Bar dip 5s negatives 4x3 | Parallel dips 4x8 | False-grip top hold 3x15s,,,,,,
W5,12-18 Oct,Tue,"B - Sprint, Hinge & Press",Sprints 5x30-40m | Trap-bar DL 4x5 | SL heel raise 4x8 | KB press 4x6 | KB floor press 4x6,,,,,,
W5,12-18 Oct,Wed,C - Russian Dips & Wrist Turnover,Russian dips 4x4-5 | L-sit chin-ups 3x4 | Band bar dips 3x6 | Wrist rollers 3x15,,,,,,
W5,12-18 Oct,Thu,D - Posterior Chain & Elastic,Pogo 4x15-20s | Nordic 3-4x5 | Achilles iso 5x35-45s | Copenhagen 3x30s | KB light circuit 2rd,,,,,,
W5,12-18 Oct,Fri,E - Low-Bar Turnovers & Kip,Jumping turnovers 4x3 | Speed C2B pulls 4x3 | Dip pause burnout 3x(5+max) | Toes-to-bar 3x8,,,,,,
W6,19-25 Oct,Mon,A - Bar Eccentrics & Heavy Pull,Wtd C2B pull-up 5x4 | Bar dip 5s negatives 4x3 | Parallel dips 4x8 | False-grip top hold 3x15s,,,,,,
W6,19-25 Oct,Tue,"B - Sprint, Hinge & Press",Sprints 5x30-40m | Trap-bar DL 4x5 | SL heel raise 4x8 | KB press 4x6 | KB floor press 4x6,,,,,,
W6,19-25 Oct,Wed,C - Russian Dips & Wrist Turnover,Russian dips 4x4-5 | L-sit chin-ups 3x4 | Band bar dips 3x6 | Wrist rollers 3x15,,,,,,
W6,19-25 Oct,Thu,D - Posterior Chain & Elastic,Pogo 4x15-20s | Nordic 3-4x5 | Achilles iso 5x35-45s | Copenhagen 3x30s | KB light circuit 2rd,,,,,,
W6,19-25 Oct,Fri,E - Low-Bar Turnovers & Kip,Jumping turnovers 4x3 | Speed C2B pulls 4x3 | Dip pause burnout 3x(5+max) | Toes-to-bar 3x8,,,,,,
W7,26 Oct-1 Nov,Mon,A - Bar Eccentrics & Heavy Pull,Wtd C2B pull-up 5x4 | Bar dip 5s negatives 4x3 | Parallel dips 4x8 | False-grip top hold 3x15s,,,,,,
W7,26 Oct-1 Nov,Tue,"B - Sprint, Hinge & Press",Sprints 5x30-40m | Trap-bar DL 4x5 | SL heel raise 4x8 | KB press 4x6 | KB floor press 4x6,,,,,,
W7,26 Oct-1 Nov,Wed,C - Russian Dips & Wrist Turnover,Russian dips 4x4-5 | L-sit chin-ups 3x4 | Band bar dips 3x6 | Wrist rollers 3x15,,,,,,
W7,26 Oct-1 Nov,Thu,D - Posterior Chain & Elastic,Pogo 4x15-20s | Nordic 3-4x5 | Achilles iso 5x35-45s | Copenhagen 3x30s | KB light circuit 2rd,,,,,,
W7,26 Oct-1 Nov,Fri,E - Low-Bar Turnovers & Kip,Jumping turnovers 4x3 | Speed C2B pulls 4x3 | Dip pause burnout 3x(5+max) | Toes-to-bar 3x8,,,,,,
W8,2-8 Nov,Mon,A - Bar Eccentrics & Heavy Pull,Wtd C2B pull-up 5x4 | Bar dip 5s negatives 4x3 | Parallel dips 4x8 | False-grip top hold 3x15s [DELOAD - 50% volume],,,,,,
W8,2-8 Nov,Tue,"B - Sprint, Hinge & Press",Sprints 5x30-40m | Trap-bar DL 4x5 | SL heel raise 4x8 | KB press 4x6 | KB floor press 4x6 [DELOAD - 50% volume],,,,,,
W8,2-8 Nov,Wed,C - Russian Dips & Wrist Turnover,Russian dips 4x4-5 | L-sit chin-ups 3x4 | Band bar dips 3x6 | Wrist rollers 3x15 [DELOAD - 50% volume],,,,,,
W8,2-8 Nov,Thu,D - Posterior Chain & Elastic,Pogo 4x15-20s | Nordic 3-4x5 | Achilles iso 5x35-45s | Copenhagen 3x30s | KB light circuit 2rd [DELOAD - 50% volume],,,,,,
W8,2-8 Nov,Fri,E - Low-Bar Turnovers & Kip,Jumping turnovers 4x3 | Speed C2B pulls 4x3 | Dip pause burnout 3x(5+max) | Toes-to-bar 3x8 [DELOAD - 50% volume],,,,,,
W9,9-15 Nov,Mon,A - Banded Reps & Heavy Pull,Band muscle-ups 4x2-3 | Wtd C2B pull-up 5x3 | Straight-bar dips 4x5 | Face pulls 3x15,,,,,,
W9,9-15 Nov,Tue,"B - Sprint, Hinge & Press",Sprints 6x40m | Trap-bar DL 4x4-3 | SL heel raise 4x8 | KB press 5x5 | KB push/bottoms-up 3x5,,,,,,
W9,9-15 Nov,Wed,C - Pressing Strength Reserve,Weighted dips 4x5 | Bar lockout hold 3x25s | Hanging L-sit 3x20s | Scap dip shrugs 3x10,,,,,,
W9,9-15 Nov,Thu,D - Posterior Chain & Elastic,SL pogo 4x20s or 5x10 | Nordic 4x5 to 3x3 | Achilles iso 4x30s | Copenhagen 3x30s | KB light 2rd,,,,,,
W9,9-15 Nov,Fri,E - Light Band Singles & Peaking,Light band MU 5x1-2 | 6s negative MU 3x2 | Explosive bar dips 3x4-5 | Bar swings 3x8,,,,,,
W10,16-22 Nov,Mon,A - Banded Reps & Heavy Pull,Band muscle-ups 4x2-3 | Wtd C2B pull-up 5x3 | Straight-bar dips 4x5 | Face pulls 3x15,,,,,,
W10,16-22 Nov,Tue,"B - Sprint, Hinge & Press",Sprints 6x40m | Trap-bar DL 4x4-3 | SL heel raise 4x8 | KB press 5x5 | KB push/bottoms-up 3x5,,,,,,
W10,16-22 Nov,Wed,C - Pressing Strength Reserve,Weighted dips 4x5 | Bar lockout hold 3x25s | Hanging L-sit 3x20s | Scap dip shrugs 3x10,,,,,,
W10,16-22 Nov,Thu,D - Posterior Chain & Elastic,SL pogo 4x20s or 5x10 | Nordic 4x5 to 3x3 | Achilles iso 4x30s | Copenhagen 3x30s | KB light 2rd,,,,,,
W10,16-22 Nov,Fri,E - Light Band Singles & Peaking,Light band MU 5x1-2 | 6s negative MU 3x2 | Explosive bar dips 3x4-5 | Bar swings 3x8,,,,,,
W11,23-29 Nov,Mon,A - Banded Reps & Heavy Pull,Band muscle-ups 4x2-3 | Wtd C2B pull-up 5x3 | Straight-bar dips 4x5 | Face pulls 3x15,,,,,,
W11,23-29 Nov,Tue,"B - Sprint, Hinge & Press",Sprints 6x40m | Trap-bar DL 4x4-3 | SL heel raise 4x8 | KB press 5x5 | KB push/bottoms-up 3x5,,,,,,
W11,23-29 Nov,Wed,C - Pressing Strength Reserve,Weighted dips 4x5 | Bar lockout hold 3x25s | Hanging L-sit 3x20s | Scap dip shrugs 3x10,,,,,,
W11,23-29 Nov,Thu,D - Posterior Chain & Elastic,SL pogo 4x20s or 5x10 | Nordic 4x5 to 3x3 | Achilles iso 4x30s | Copenhagen 3x30s | KB light 2rd,,,,,,
W11,23-29 Nov,Fri,E - Light Band Singles & Peaking,Light band MU 5x1-2 | 6s negative MU 3x2 | Explosive bar dips 3x4-5 | Bar swings 3x8,,,,,,
W12,30 Nov-6 Dec,Mon,A - Banded Reps & Heavy Pull,Band muscle-ups 4x2-3 | Wtd C2B pull-up 5x3 | Straight-bar dips 4x5 | Face pulls 3x15 [DELOAD - 50% volume],,,,,,
W12,30 Nov-6 Dec,Tue,"B - Sprint, Hinge & Press",Sprints 6x40m | Trap-bar DL 4x4-3 | SL heel raise 4x8 | KB press 5x5 | KB push/bottoms-up 3x5 [DELOAD - 50% volume],,,,,,
W12,30 Nov-6 Dec,Wed,C - Pressing Strength Reserve,Weighted dips 4x5 | Bar lockout hold 3x25s | Hanging L-sit 3x20s | Scap dip shrugs 3x10 [DELOAD - 50% volume],,,,,,
W12,30 Nov-6 Dec,Thu,D - Posterior Chain & Elastic,SL pogo 4x20s or 5x10 | Nordic 4x5 to 3x3 | Achilles iso 4x30s | Copenhagen 3x30s | KB light 2rd [DELOAD - 50% volume],,,,,,
W12,30 Nov-6 Dec,Fri,E - Light Band Singles & Peaking,Light band MU 5x1-2 | 6s negative MU 3x2 | Explosive bar dips 3x4-5 | Bar swings 3x8 [DELOAD - 50% volume],,,,,,
W13,7-13 Dec,Mon,A - Micro-band singles,Micro-band MU 5x1 | Wtd pull-up 4x2 @90% | Sternum pulls 3x2 | Bar dips 3x5,,,,,,
W13,7-13 Dec,Tue,** TENDON TEST **,TEST heel raise +35%BW x8 @3s | rest 10min | TEST 20 continuous SL pogos (FILM IT) | nothing else,,,,,,
W13,7-13 Dec,Wed,C - Transition maintenance,Russian dips 3x4 | Strict pull-ups 3x4 | Core 3x15s,,,,,,
W13,7-13 Dec,Thu,D - Light posterior,Nordic 3x3 @+5kg | Achilles iso 3x30s | KB light circuit 1rd | NO pogo,,,,,,
W13,7-13 Dec,Fri,E - Micro-band singles,Micro-band MU 4x1 (3min rest) | Slow negative MU 2x1,,,,,,
W14,14-20 Dec,Mon,A - First unassisted attempt,"1 unassisted MU attempt (fresh, 4min rest first) | Micro-band 3x1 | Bar dips 2x4",,,,,,
W14,14-20 Dec,Tue,** NORDIC TEST **,"TEST weighted Nordic 5kg full range + push-back, 2 attempts max | Heel raise 2x8 @+25% easy | Sprints 3x30m",,,,,,
W14,14-20 Dec,Wed,Active recovery,"Band dislocates | Scap shrugs 2x10 | Bar hangs 3x15s | 20 min total, zero fatigue",,,,,,
W14,14-20 Dec,Thu,D - Very light,SL pogo 3x10 easy | KB light circuit 1rd,,,,,,
W14,14-20 Dec,Fri,E - Fresh attempts,1-2 fresh unassisted MU attempts (4min rest each) | 2 slow negatives | STOP,,,,,,
W15,21-27 Dec,Mon,Neural primer,2 sternum pulls (1x2) | 1 bar dip (1x2) | STOP IMMEDIATELY,,,,,,
W15,21-27 Dec,Tue,Optional easy,DL pogo 2x10 easy + walk | nothing else,,,,,,
W15,21-27 Dec,Wed,Mobility only,"Dynamic stretching + wrist mobility, 15 min. Zero fatigue.",,,,,,
W15,21-27 Dec,Thu,REST,Complete rest. Protein + carbs. 8.5h+ sleep.,,,,,,
W15,21-27 Dec,Fri,REST,Complete rest. Do not test it early.,,,,,,
TEST,29 Dec,Tue,*** OFFICIAL MUSCLE-UP TEST ***,Carb+coffee 45min prior | 8min wrist/shoulder prep | 2 jumping pulls + 2 bar dips | rest 4min | ATTEMPT,,,,,,
TEST,31 Dec,Thu,*** BACKUP TEST DAY ***,Same protocol. Only if 29 Dec missed.,,,,,,
JAN,w/c 4 Jan,any,Weighted pull-up feat test,"Ramp singles 70% / 80% / 88% then attempt +25% BW. Two attempts max, 5 min apart.",,,,,,
